
{
    "result": {
        "code": "0"
    },
    "name_arrays": {},
    "data": {
        "background_color": "grey",
        "single_line_color": "white",
        "dual_line_color": "grey",
        "unit": "亿元",
        "table_module": "交易性资产按结构分析",
        "bool_level":"1",
        "cur_level": "3",
        "table_titles": [
                         {
                         "name1": "1交易性资产"
                         },
                         {
                         "name2": "本日"
                         },
                         {
                         "name3": "占比"
                         },
                         {
                         "name4": "比上日"
                         },
                         {
                         "name5": "比上月"
                         },
                         {
                         "name6": "比上季"
                         },
                         {
                         "name7": "比上年"
                         },
                         {
                         "name8": "比上年同期"
                         },
                         {
                         "name9": "日均"
                         },
                         {
                         "name10": "日均比上年"
                         },
                         {
                         "name11": "日均比上年同期"
                         }
                         ],
        "list_datas": [
                       {
                       "date11": "3762.40",
                       "date12": "1.00",
                       "date10": "868.16",
                       "date_id": "",
                       "table_level": "1",
                       "parent_date_id": "",
                       "date7": "1066.83",
                       "date6": "-598.96",
                       "date9": "23076.33",
                       "date8": "3347.71",
                       "date3": "100.00%",
                       "date2": "23110.00",
                       "date5": "-717.74",
                       "date4": "23110.00",
                       "date1": "1资产总额"
                       },
                       {
                       "date11": "1938.47",
                       "date12": "2.00",
                       "date10": "818.08",
                       "date_id": "",
                       "table_level": "2",
                       "parent_date_id": "",
                       "date7": "-870.28",
                       "date6": "-364.95",
                       "date9": "10075.80",
                       "date8": "1796.17",
                       "date3": "43.39%",
                       "date2": "10026.97",
                       "date5": "-465.86",
                       "date4": "10026.97",
                       "date1": "2交易性资产合计"
                       },
                       {
                       "date11": "-235.22",
                       "date12": "3.00",
                       "date10": "-489.52",
                       "date_id": "",
                       "table_level": "3",
                       "parent_date_id": "",
                       "date7": "-859.49",
                       "date6": "74.40",
                       "date9": "3180.43",
                       "date8": "-310.75",
                       "date3": "13.93%",
                       "date2": "3219.48",
                       "date5": "57.13",
                       "date4": "3219.48",
                       "date1": "3债券投资"
                       },
                       {
                       "date11": "2541.15",
                       "date12": "3.00",
                       "date10": "1567.61",
                       "date_id": "",
                       "table_level": "3",
                       "parent_date_id": "",
                       "date7": "458.08",
                       "date6": "-377.87",
                       "date9": "6531.41",
                       "date8": "2301.89",
                       "date3": "27.34%",
                       "date2": "6319.34",
                       "date5": "-490.55",
                       "date4": "6319.34",
                       "date1": "3同业资产（含贴现）"
                       },
                       {
                       "date11": "-367.46",
                       "date12": "3.00",
                       "date10": "-260.02",
                       "date_id": "",
                       "table_level": "3",
                       "parent_date_id": "",
                       "date7": "-468.88",
                       "date6": "-61.47",
                       "date9": "363.96",
                       "date8": "-194.98",
                       "date3": "2.11%",
                       "date2": "488.16",
                       "date5": "-32.43",
                       "date4": "488.16",
                       "date1": "3其他交易性资产"
                       },
                       {
                       "date11": "1.53%",
                       "date12": "2.00%",
                       "date10": "0.29%",
                       "date_id": "",
                       "table_level": "2",
                       "parent_date_id": "",
                       "date7": "-6.05%",
                       "date6": "-0.44%",
                       "date9": "43.66%",
                       "date8": "1.74%",
                       "date3": "",
                       "date2": "43.39%",
                       "date5": "-0.65%",
                       "date4": "",
                       "date1": "2交易性资产占比"
                       }
            ]
    }
}
