
{
    "data": {
        "table_titles": [
                         {
                         "name1": "资产"
                         },
                         {
                         "name2": "本日"
                         },
                         {
                         "name3": "占比"
                         },
                         {
                         "name4": "上日"
                         },
                         {
                         "name5": "上月"
                         },
                         {
                         "name6": "上季"
                         },
                         {
                         "name7": "上年"
                         },
                         {
                         "name8": "同期"
                         },
                         {
                         "name9": "日均"
                         },
                         ],
        "list_datas": [
                       {
                       "date7": "1.83",
                       "date6": "8.96",
                       "date8": "33",
                       "date3": "100%",
                       "date2": "231",
                       "date5": "7.22",
                       "date4": "110",
                       "date1": "222",
                       "name" : "总额"
                       },
                       {
                       "date7": "7.28",
                       "date6": "64.95",
                       "date8": "16.17",
                       "date3": "49%",
                       "date2": "16.97",
                       "date5": "75.86",
                       "date4": "126.97",
                       "date1": "323",
                       "name" : "合计"
                       },
                       {
                       "date7": "59.49",
                       "date6": "74.40",
                       "date8": "0.75",
                       "date3": "13.93%",
                       "date2": "19.48",
                       "date5": "57.13",
                       "date4": "32",
                       "date1": "24",
                       "name" : "投资"
                       },
                       {
                       "date7": "8.08",
                       "date6": "7.87",
                       "date8": "1.89",
                       "date3": "27.34%",
                       "date2": "69.34",
                       "date5": "0.55",
                       "date4": "6.34",
                       "date1": "3333",
                       "name" : "资产"
                       },
                       {
                       "date7": "8.88",
                       "date6": "1.47",
                       "date8": "4.98",
                       "date3": "2.11%",
                       "date2": "8.16",
                       "date5": "2.43",
                       "date4": "8.16",
                       "date1": "232",
                       "name" : "其他",
                       }
                    ]
    }
}
